frame,status,tracked_id
0,tracked,1
1,tracked,1
2,tracked,1
3,tracked,1
4,tracked,1
5,tracked,1
6,tracked,1
7,tracked,1
8,tracked,1
9,tracked,1
10,tracked,1
11,tracked,1
12,tracked,1
13,tracked,1
14,tracked,1
15,tracked,1
16,tracked,1
17,tracked,1
18,tracked,1
19,tracked,1
20,tracked,1
21,tracked,1
22,tracked,1
23,tracked,1
24,tracked,1
25,tracked,1
26,tracked,1
27,tracked,1
28,tracked,1
29,tracked,1
30,tracked,1
31,tracked,1
32,tracked,1
33,tracked,1
34,tracked,1
35,tracked,1
36,tracked,1
37,tracked,1
38,tracked,1
39,tracked,1
40,tracked,1
41,tracked,1
42,tracked,1
43,tracked,1
44,tracked,1
45,tracked,1
46,tracked,1
47,tracked,1
48,tracked,1
49,tracked,1
50,tracked,1
51,tracked,1
52,tracked,1
53,tracked,1
54,tracked,1
55,tracked,1
56,tracked,1
57,tracked,1
58,tracked,1
59,tracked,1
60,tracked,1
61,tracked,1
62,tracked,1
63,tracked,1
64,tracked,1
65,tracked,1
66,tracked,1
67,tracked,1
68,tracked,1
69,tracked,1
70,tracked,1
71,tracked,1
72,tracked,1
73,tracked,1
74,tracked,1
75,tracked,1
76,tracked,1
77,tracked,1
78,tracked,1
79,tracked,1
80,tracked,1
81,tracked,1
82,tracked,1
83,tracked,1
84,tracked,1
85,tracked,1
86,tracked,1
87,tracked,1
88,tracked,1
89,tracked,1
90,tracked,1
91,tracked,1
92,tracked,1
93,tracked,1
94,tracked,1
95,tracked,1
96,tracked,1
97,tracked,1
98,tracked,1
99,tracked,1
100,tracked,1
101,tracked,1
102,tracked,1
103,tracked,1
104,tracked,1
105,tracked,1
106,tracked,1
107,tracked,1
108,tracked,1
109,tracked,1
110,tracked,1
111,tracked,1
112,tracked,1
113,tracked,1
114,tracked,1
115,tracked,1
116,tracked,1
117,tracked,1
118,tracked,1
119,tracked,1
120,tracked,1
121,tracked,1
122,tracked,1
123,tracked,1
124,tracked,1
125,tracked,1
126,tracked,1
127,tracked,1
128,tracked,1
129,tracked,1
130,tracked,1
131,tracked,1
132,tracked,1
133,tracked,1
134,tracked,1
135,tracked,1
136,tracked,1
137,tracked,1
138,tracked,1
139,tracked,1
140,tracked,1
141,tracked,1
142,tracked,1
143,tracked,1
144,tracked,1
145,tracked,1
146,tracked,1
147,tracked,1
148,tracked,1
149,tracked,1
150,tracked,1
151,tracked,1
152,tracked,1
153,tracked,1
154,tracked,1
155,tracked,1
156,tracked,1
157,tracked,1
158,tracked,1
159,tracked,1
160,tracked,1
161,tracked,1
162,tracked,1
163,tracked,1
164,tracked,1
165,tracked,1
166,tracked,1
167,tracked,1
168,tracked,1
169,tracked,1
170,tracked,1
171,tracked,1
172,tracked,1
173,tracked,1
174,tracked,1
175,tracked,1
176,tracked,1
177,tracked,1
178,tracked,1
179,tracked,1
180,tracked,1
181,tracked,1
182,tracked,1
183,tracked,1
184,tracked,1
185,tracked,1
186,tracked,1
187,tracked,1
188,tracked,1
189,tracked,1
190,tracked,1
191,tracked,1
192,tracked,1
193,tracked,1
194,tracked,1
195,tracked,1
196,tracked,1
197,tracked,1
198,tracked,1
199,tracked,1
200,tracked,1
201,tracked,1
202,tracked,1
203,tracked,1
204,tracked,1
205,tracked,1
206,tracked,1
207,tracked,1
208,tracked,1
209,tracked,1
210,tracked,1
211,tracked,1
212,tracked,1
213,tracked,1
214,tracked,1
215,tracked,1
216,tracked,1
217,tracked,1
218,tracked,1
219,tracked,1
220,tracked,1
221,tracked,1
222,tracked,1
223,tracked,1
224,tracked,1
225,tracked,1
226,tracked,1
227,tracked,1
228,tracked,1
229,tracked,1
230,tracked,1
231,tracked,1
232,tracked,1
233,tracked,1
234,tracked,1
235,tracked,1
236,tracked,1
237,tracked,1
238,tracked,1
239,tracked,1
240,tracked,1
241,tracked,1
242,tracked,1
243,tracked,1
244,tracked,1
245,tracked,1
246,tracked,1
247,tracked,1
248,tracked,1
249,tracked,1
250,tracked,1
251,tracked,1
252,tracked,1
253,tracked,1
254,tracked,1
255,tracked,1
256,tracked,1
257,tracked,1
258,tracked,1
259,tracked,1
260,tracked,1
261,tracked,1
262,tracked,1
263,tracked,1
264,tracked,1
265,tracked,1
266,tracked,1
267,tracked,1
268,tracked,1
269,tracked,1
270,tracked,1
271,tracked,1
272,tracked,1
273,tracked,1
274,tracked,1
275,tracked,1
276,tracked,1
277,tracked,1
278,tracked,1
279,tracked,1
280,tracked,1
281,tracked,1
282,tracked,1
283,tracked,1
284,tracked,1
285,tracked,1
286,tracked,1
287,tracked,1
288,tracked,1
289,tracked,1
290,tracked,1
291,tracked,1
292,tracked,1
293,tracked,1
294,tracked,1
295,tracked,1
296,tracked,1
297,tracked,1
298,tracked,1
299,tracked,1
300,tracked,1
301,tracked,1
302,tracked,1
303,tracked,1
304,tracked,1
305,tracked,1
306,tracked,1
307,tracked,1
308,tracked,1
309,tracked,1
310,tracked,1
311,tracked,1
312,tracked,1
313,tracked,1
314,tracked,1
315,tracked,1
316,tracked,1
317,tracked,1
318,tracked,1
319,tracked,1
320,tracked,1
321,tracked,1
322,tracked,1
323,tracked,1
324,tracked,1
325,tracked,1
326,tracked,1
327,tracked,1
328,tracked,1
329,tracked,1
330,tracked,1
331,tracked,1
332,tracked,1
333,tracked,1
334,tracked,1
335,tracked,1
336,tracked,1
337,tracked,1
338,tracked,1
339,tracked,1
340,tracked,1
341,tracked,1
342,tracked,1
343,tracked,1
344,tracked,1
345,tracked,1
346,tracked,1
347,tracked,1
348,tracked,1
349,tracked,1
350,tracked,1
351,tracked,1
352,tracked,1
353,tracked,1
354,tracked,1
355,tracked,1
356,tracked,1
357,tracked,1
358,tracked,1
359,tracked,1
360,tracked,1
361,tracked,1
362,tracked,1
363,tracked,1
364,tracked,1
365,tracked,1
366,tracked,1
367,tracked,1
368,tracked,1
369,tracked,1
370,tracked,1
371,tracked,1
372,tracked,1
373,tracked,1
374,tracked,1
375,tracked,1
376,tracked,1
377,tracked,1
378,tracked,1
379,tracked,1
380,tracked,1
381,tracked,1
382,tracked,1
383,tracked,1
384,tracked,1
385,tracked,1
386,tracked,1
387,tracked,1
388,tracked,1
389,tracked,1
390,tracked,1
391,tracked,1
392,tracked,1
393,tracked,1
394,tracked,1
395,tracked,1
396,tracked,1
397,tracked,1
398,tracked,1
399,tracked,1
400,tracked,1
401,tracked,1
402,tracked,1
403,tracked,1
404,tracked,1
405,tracked,1
406,tracked,1
407,tracked,1
408,tracked,1
409,tracked,1
410,tracked,1
411,tracked,1
412,tracked,1
413,tracked,1
414,tracked,1
415,tracked,1
416,tracked,1
417,tracked,1
418,tracked,1
419,tracked,1
420,tracked,1
421,tracked,1
422,tracked,1
423,tracked,1
424,tracked,1
425,tracked,1
426,tracked,1
427,tracked,1
428,tracked,1
429,tracked,1
430,tracked,1
431,tracked,1
432,tracked,1
433,tracked,1
434,tracked,1
435,tracked,1
436,tracked,1
437,tracked,1
438,tracked,1
439,tracked,1
440,tracked,1
441,tracked,1
442,tracked,1
443,tracked,1
444,tracked,1
445,tracked,1
446,tracked,1
447,tracked,1
448,tracked,1
449,tracked,1
450,tracked,1
451,tracked,1
452,tracked,1
453,tracked,1
454,tracked,1
455,tracked,1
456,tracked,1
457,tracked,1
458,tracked,1
459,tracked,1
460,tracked,1
461,tracked,1
462,tracked,1
463,tracked,1
464,tracked,1
465,tracked,1
466,tracked,1
467,tracked,1
468,tracked,1
469,tracked,1
470,tracked,1
471,tracked,1
472,tracked,1
473,tracked,1
474,tracked,1
475,tracked,1
476,tracked,1
477,tracked,1
478,tracked,1
479,tracked,1
480,tracked,1
481,tracked,1
482,tracked,1
483,tracked,1
484,tracked,1
485,tracked,1
486,tracked,1
487,tracked,1
488,tracked,1
489,tracked,1
490,tracked,1
491,tracked,1
492,tracked,1
493,tracked,1
494,tracked,1
495,tracked,1
496,tracked,1
497,tracked,1
498,tracked,1
499,tracked,1
500,tracked,1
501,tracked,1
502,tracked,1
503,tracked,1
504,tracked,1
505,tracked,1
506,tracked,1
507,tracked,1
508,tracked,1
509,tracked,1
510,tracked,1
511,tracked,1
512,tracked,1
513,tracked,1
514,tracked,1
515,tracked,1
516,tracked,1
517,tracked,1
518,tracked,1
519,tracked,1
520,tracked,1
521,tracked,1
522,tracked,1
523,tracked,1
524,tracked,1
525,tracked,1
526,tracked,1
527,tracked,1
528,tracked,1
529,tracked,1
530,tracked,1
531,tracked,1
532,tracked,1
533,tracked,1
534,tracked,1
535,tracked,1
536,tracked,1
537,tracked,1
538,tracked,1
539,tracked,1
540,tracked,1
541,tracked,1
542,tracked,1
543,tracked,1
544,tracked,1
545,tracked,1
546,tracked,1
547,tracked,1
548,tracked,1
549,tracked,1
550,tracked,1
551,tracked,1
552,tracked,1
553,tracked,1
554,tracked,1
555,tracked,1
556,tracked,1
557,tracked,1
558,tracked,1
559,tracked,1
560,tracked,1
561,tracked,1
562,tracked,1
563,tracked,1
564,tracked,1
565,tracked,1
566,tracked,1
567,tracked,1
568,tracked,1
569,tracked,1
570,tracked,1
571,tracked,1
572,tracked,1
573,tracked,1
574,tracked,1
575,tracked,1
576,tracked,1
577,tracked,1
578,tracked,1
579,tracked,1
580,tracked,1
581,tracked,1
582,tracked,1
583,tracked,1
584,tracked,1
585,tracked,1
586,tracked,1
587,tracked,1
588,tracked,1
589,tracked,1
590,tracked,1
591,tracked,1
592,tracked,1
593,tracked,1
594,tracked,1
595,tracked,1
596,tracked,1
597,tracked,1
598,tracked,1
599,tracked,1
600,tracked,1
601,tracked,1
602,tracked,1
603,tracked,1
604,tracked,1
605,tracked,1
606,tracked,1
607,tracked,1
608,tracked,1
609,tracked,1
610,tracked,1
611,tracked,1
612,tracked,1
613,tracked,1
614,tracked,1
615,tracked,1
616,tracked,1
617,tracked,1
618,tracked,1
619,tracked,1
620,tracked,1
621,tracked,1
622,tracked,1
623,tracked,1
624,tracked,1
625,tracked,1
626,tracked,1
627,tracked,1
628,tracked,1
629,tracked,1
630,tracked,1
631,tracked,1
632,tracked,1
633,tracked,1
634,tracked,1
635,tracked,1
636,tracked,1
637,tracked,1
638,tracked,1
639,tracked,1
640,tracked,1
641,tracked,1
642,tracked,1
643,tracked,1
644,tracked,1
645,tracked,1
646,tracked,1
647,tracked,1
648,tracked,1
649,tracked,1
650,tracked,1
651,tracked,1
652,tracked,1
653,tracked,1
654,tracked,1
655,tracked,1
656,tracked,1
657,tracked,1
658,tracked,1
659,tracked,1
660,tracked,1
661,tracked,1
662,tracked,1
663,tracked,1
664,tracked,1
665,tracked,1
666,tracked,1
667,tracked,1
668,tracked,1
669,tracked,1
670,tracked,1
671,tracked,1
672,tracked,1
673,tracked,1
674,tracked,1
675,tracked,1
676,tracked,1
677,tracked,1
678,tracked,1
679,tracked,1
680,tracked,1
681,tracked,1
682,tracked,1
683,tracked,1
684,tracked,1
685,tracked,1
686,tracked,1
687,tracked,1
688,tracked,1
689,tracked,1
690,tracked,1
691,tracked,1
692,tracked,1
693,tracked,1
694,tracked,1
695,tracked,1
696,tracked,1
697,tracked,1
698,tracked,1
699,tracked,1
700,tracked,1
701,tracked,1
702,tracked,1
703,tracked,1
704,tracked,1
705,tracked,1
706,tracked,1
707,tracked,1
708,tracked,1
709,tracked,1
710,tracked,1
711,tracked,1
712,tracked,1
713,tracked,1
714,tracked,1
715,tracked,1
716,tracked,1
717,tracked,1
718,tracked,1
719,tracked,1
720,tracked,1
721,tracked,1
722,tracked,1
723,tracked,1
724,tracked,1
725,tracked,1
726,tracked,1
727,tracked,1
728,tracked,1
729,tracked,1
730,tracked,1
731,tracked,1
732,tracked,1
733,tracked,1
734,tracked,1
735,tracked,1
736,tracked,1
737,tracked,1
738,tracked,1
739,tracked,1
740,tracked,1
741,tracked,1
742,tracked,1
743,tracked,1
744,tracked,1
745,tracked,1
746,tracked,1
747,tracked,1
748,tracked,1
749,tracked,1
